Feature,Importance
Revenue Growth (%),0.19354838709677424
P/E,0.17741935483870971
EPS Growth (%),0.11827956989247314
ROE (%),0.11290322580645164
Debt/Assets,0.08064516129032259
EV/FCF,0.08064516129032259
Drop from ATH (%),0.06451612903225808
RSI,0.04838709677419356
Dividend Yield (%),0.043010752688172046
PEG,0.03225806451612904
SMA50,0.03225806451612904
Beta,0.01612903225806452
SMA200,0.0
